{
  "" : {
    "transaction" : "",
    "sampleCount" : 622,
    "errorCount" : 0,
    "errorPct" : 0.0,
    "meanResTime" : 71.50321543408356,
    "medianResTime" : 66.0,
    "minResTime" : 52.0,
    "maxResTime" : 490.0,
    "pct1ResTime" : 78.0,
    "pct2ResTime" : 83.0,
    "pct3ResTime" : 427.0499999999988,
    "throughput" : 124.05265257279618,
    "receivedKBytesPerSec" : 105.66312761767051,
    "sentKBytesPerSec" : 180.62744627542878
  },
  "-1" : {
    "transaction" : "-1",
    "sampleCount" : 624,
    "errorCount" : 0,
    "errorPct" : 0.0,
    "meanResTime" : 24.208333333333336,
    "medianResTime" : 22.0,
    "minResTime" : 17.0,
    "maxResTime" : 222.0,
    "pct1ResTime" : 26.0,
    "pct2ResTime" : 29.75,
    "pct3ResTime" : 192.75,
    "throughput" : 131.95178684711357,
    "receivedKBytesPerSec" : 37.44680429266229,
    "sentKBytesPerSec" : 64.30072425459927
  },
  "-2" : {
    "transaction" : "-2",
    "sampleCount" : 626,
    "errorCount" : 0,
    "errorPct" : 0.0,
    "meanResTime" : 24.985623003194913,
    "medianResTime" : 22.0,
    "minResTime" : 17.0,
    "maxResTime" : 277.0,
    "pct1ResTime" : 27.0,
    "pct2ResTime" : 33.0,
    "pct3ResTime" : 220.84000000000015,
    "throughput" : 128.0425444876253,
    "receivedKBytesPerSec" : 36.337553052771526,
    "sentKBytesPerSec" : 61.645482844139906
  },
  "-3" : {
    "transaction" : "-3",
    "sampleCount" : 622,
    "errorCount" : 0,
    "errorPct" : 0.0,
    "meanResTime" : 22.289389067524123,
    "medianResTime" : 22.0,
    "minResTime" : 17.0,
    "maxResTime" : 51.0,
    "pct1ResTime" : 26.0,
    "pct2ResTime" : 30.0,
    "pct3ResTime" : 41.309999999999945,
    "throughput" : 136.97423475005505,
    "receivedKBytesPerSec" : 38.925295226822286,
    "sentKBytesPerSec" : 66.74818666042721
  },
  "Total" : {
    "transaction" : "Total",
    "sampleCount" : 1872,
    "errorCount" : 0,
    "errorPct" : 0.0,
    "meanResTime" : 23.830662393162402,
    "medianResTime" : 22.0,
    "minResTime" : 17.0,
    "maxResTime" : 277.0,
    "pct1ResTime" : 26.0,
    "pct2ResTime" : 30.34999999999991,
    "pct3ResTime" : 51.0,
    "throughput" : 382.35294117647055,
    "receivedKBytesPerSec" : 108.55800653594771,
    "sentKBytesPerSec" : 185.57320389093138
  }
}